{
  "sessions": 25,
  "total_updates": 25826,
  "stats": {
    "ear": {
      "mean": 0.26249971363398067,
      "var": 0.00047479323484938825,
      "count": 25826.0
    },
    "mar": {
      "mean": 0.0402202204388566,
      "var": 0.001355289232137523,
      "count": 25826.0
    },
    "blink_rate": {
      "mean": 7.251142259738263,
      "var": 78.45506487325234,
      "count": 25826.0
    },
    "roll_deg": {
      "mean": -0.9199595861636773,
      "var": 16.35766245325061,
      "count": 25826.0
    },
    "yaw_ratio": {
      "mean": -0.012696647254249141,
      "var": 0.00769445303844492,
      "count": 25826.0
    },
    "pitch_ratio": {
      "mean": 0.5748192367837728,
      "var": 0.0017317938503522941,
      "count": 25826.0
    }
  }
}