{
  "sessions": 50,
  "total_updates": 3321,
  "stats": {
    "ear": {
      "mean": 0.25411657434973317,
      "var": 0.0002742241596141785,
      "count": 3321.0
    },
    "mar": {
      "mean": 0.05465184163409166,
      "var": 0.0008598961635488336,
      "count": 3321.0
    },
    "blink_rate": {
      "mean": 9.715447154471542,
      "var": 116.46023804659481,
      "count": 3321.0
    },
    "roll_deg": {
      "mean": -3.6614886172029877,
      "var": 0.9533039524180756,
      "count": 3321.0
    },
    "yaw_ratio": {
      "mean": 0.04316131918385837,
      "var": 0.020477966098236055,
      "count": 3321.0
    },
    "pitch_ratio": {
      "mean": 0.5441939257258073,
      "var": 0.0008509811738560984,
      "count": 3321.0
    }
  }
}