{
  "sessions": 53,
  "total_updates": 8900,
  "stats": {
    "ear": {
      "mean": 0.2909025371620745,
      "var": 0.002179857691811329,
      "count": 8900.0
    },
    "mar": {
      "mean": 0.044402178159492,
      "var": 0.0008775788527284667,
      "count": 8900.0
    },
    "blink_rate": {
      "mean": 4.936404494382044,
      "var": 61.03719839752691,
      "count": 8900.0
    },
    "roll_deg": {
      "mean": -3.6336404351461695,
      "var": 9.35187252058111,
      "count": 8900.0
    },
    "yaw_ratio": {
      "mean": 0.0030059292645416083,
      "var": 0.10631946264506519,
      "count": 8900.0
    },
    "pitch_ratio": {
      "mean": 0.5599651563561115,
      "var": 0.004582555580833262,
      "count": 8900.0
    }
  }
}