{
  "sessions": 58,
  "total_updates": 12670,
  "stats": {
    "ear": {
      "mean": 0.28890236670196784,
      "var": 0.0024092110749969215,
      "count": 12670.0
    },
    "mar": {
      "mean": 0.05125778931945751,
      "var": 0.0025803764217659907,
      "count": 12670.0
    },
    "blink_rate": {
      "mean": 3.9849250197316586,
      "var": 47.05307705218965,
      "count": 12670.0
    },
    "roll_deg": {
      "mean": -2.9038391141569115,
      "var": 9.644781501937818,
      "count": 12670.0
    },
    "yaw_ratio": {
      "mean": -0.021567151811112108,
      "var": 0.09783448989140235,
      "count": 12670.0
    },
    "pitch_ratio": {
      "mean": 0.5546092771125951,
      "var": 0.004057924959868989,
      "count": 12670.0
    }
  }
}