{
  "sessions": 69,
  "total_updates": 35299,
  "stats": {
    "ear": {
      "mean": 0.27518313484540974,
      "var": 0.0021372869674981193,
      "count": 35299.0
    },
    "mar": {
      "mean": 0.05013903392711476,
      "var": 0.002668227847330355,
      "count": 35299.0
    },
    "blink_rate": {
      "mean": 7.729199127454071,
      "var": 103.16562276803971,
      "count": 35299.0
    },
    "roll_deg": {
      "mean": -3.2056264077785084,
      "var": 8.074428693016872,
      "count": 35299.0
    },
    "yaw_ratio": {
      "mean": 0.007450890578808571,
      "var": 0.0744342354302829,
      "count": 35299.0
    },
    "pitch_ratio": {
      "mean": 0.5594072695964293,
      "var": 0.0024581177179827858,
      "count": 35299.0
    }
  }
}