{
  "sessions": 77,
  "total_updates": 999,
  "stats": {
    "ear": {
      "mean": 0.2741548462806043,
      "var": 0.00031048203780094206,
      "count": 999.0
    },
    "mar": {
      "mean": 0.025554601316538392,
      "var": 0.00025277848687645755,
      "count": 999.0
    },
    "blink_rate": {
      "mean": 0.0,
      "var": 0.01612473501917129,
      "count": 999.0
    },
    "roll_deg": {
      "mean": -3.6690568094663187,
      "var": 3.891149813517838,
      "count": 999.0
    },
    "yaw_ratio": {
      "mean": 0.10151367090738932,
      "var": 0.03580804368010628,
      "count": 999.0
    },
    "pitch_ratio": {
      "mean": 0.5530215671273752,
      "var": 0.0005398340024191613,
      "count": 999.0
    }
  }
}