{
  "sessions": 7,
  "total_updates": 6488,
  "stats": {
    "ear": {
      "mean": 0.2615559442499533,
      "var": 0.0006489426461398252,
      "count": 6488.0
    },
    "mar": {
      "mean": 0.0413949920111389,
      "var": 0.0017371861050526469,
      "count": 6488.0
    },
    "blink_rate": {
      "mean": 8.520191122071509,
      "var": 115.73058724135646,
      "count": 6488.0
    },
    "roll_deg": {
      "mean": 0.1311077903335879,
      "var": 10.829785997203798,
      "count": 6488.0
    },
    "yaw_ratio": {
      "mean": 0.03928491430160055,
      "var": 0.027866602365454782,
      "count": 6488.0
    },
    "pitch_ratio": {
      "mean": 0.5848962665982204,
      "var": 0.0025331126061586295,
      "count": 6488.0
    }
  }
}