{
  "sessions": 84,
  "total_updates": 6797,
  "stats": {
    "ear": {
      "mean": 0.298483119335333,
      "var": 0.002220587547346567,
      "count": 6797.0
    },
    "mar": {
      "mean": 0.05315438706975029,
      "var": 0.0033698850838272958,
      "count": 6797.0
    },
    "blink_rate": {
      "mean": 1.458731793438279,
      "var": 8.656007035691893,
      "count": 6797.0
    },
    "roll_deg": {
      "mean": -4.333244053684031,
      "var": 31.233688896292204,
      "count": 6797.0
    },
    "yaw_ratio": {
      "mean": 0.20001019416298893,
      "var": 0.11405485716996905,
      "count": 6797.0
    },
    "pitch_ratio": {
      "mean": 0.5919778290164351,
      "var": 0.0034473897012224797,
      "count": 6797.0
    }
  }
}