{
  "sessions": 15,
  "total_updates": 15073,
  "stats": {
    "ear": {
      "mean": 0.26233521392290404,
      "var": 0.0005021758488575891,
      "count": 15073.0
    },
    "mar": {
      "mean": 0.034625325602511775,
      "var": 0.0020784249208328437,
      "count": 15073.0
    },
    "blink_rate": {
      "mean": 8.94977774829172,
      "var": 94.73152443438714,
      "count": 15073.0
    },
    "roll_deg": {
      "mean": -3.3451538951235795,
      "var": 10.57708785787735,
      "count": 15073.0
    },
    "yaw_ratio": {
      "mean": -0.020049462542315946,
      "var": 0.0049029405829289765,
      "count": 15073.0
    },
    "pitch_ratio": {
      "mean": 0.5806759507173779,
      "var": 0.002217434166673859,
      "count": 15073.0
    }
  }
}