{
  "sessions": 55,
  "total_updates": 11273,
  "stats": {
    "ear": {
      "mean": 0.29267156948090306,
      "var": 0.0025210631552840747,
      "count": 11273.0
    },
    "mar": {
      "mean": 0.04961614113768978,
      "var": 0.0025042716535152113,
      "count": 11273.0
    },
    "blink_rate": {
      "mean": 4.144770691031674,
      "var": 51.28150570020679,
      "count": 11273.0
    },
    "roll_deg": {
      "mean": -2.980775382206264,
      "var": 10.313683510981793,
      "count": 11273.0
    },
    "yaw_ratio": {
      "mean": -0.01810252309702405,
      "var": 0.10690605183075698,
      "count": 11273.0
    },
    "pitch_ratio": {
      "mean": 0.5556174401699038,
      "var": 0.004373153951630686,
      "count": 11273.0
    }
  }
}