{
  "sessions": 10,
  "total_updates": 523,
  "stats": {
    "ear": {
      "mean": 0.26127082420438624,
      "var": 0.0001823246065371545,
      "count": 523.0
    },
    "mar": {
      "mean": 0.09594218984416128,
      "var": 0.014671731514356105,
      "count": 523.0
    },
    "blink_rate": {
      "mean": 0.12810707456978968,
      "var": 0.3303004329575173,
      "count": 523.0
    },
    "roll_deg": {
      "mean": 0.6197687111581728,
      "var": 8.629658747417594,
      "count": 523.0
    },
    "yaw_ratio": {
      "mean": 0.06702812330798588,
      "var": 0.00703285587718692,
      "count": 523.0
    },
    "pitch_ratio": {
      "mean": 0.5857081032547743,
      "var": 0.0007362467502206386,
      "count": 523.0
    }
  }
}