{
  "sessions": 81,
  "total_updates": 2336,
  "stats": {
    "ear": {
      "mean": 0.29115327332839885,
      "var": 0.0007684945448358207,
      "count": 2336.0
    },
    "mar": {
      "mean": 0.07029517387803536,
      "var": 0.004765803783321281,
      "count": 2336.0
    },
    "blink_rate": {
      "mean": 1.0188356164383556,
      "var": 0.9494156027399103,
      "count": 2336.0
    },
    "roll_deg": {
      "mean": -6.111344030002224,
      "var": 12.69067300677889,
      "count": 2336.0
    },
    "yaw_ratio": {
      "mean": 0.3766150707307186,
      "var": 0.10794117371487563,
      "count": 2336.0
    },
    "pitch_ratio": {
      "mean": 0.5825239937378295,
      "var": 0.00107030870760919,
      "count": 2336.0
    }
  }
}