{
  "sessions": 60,
  "total_updates": 13795,
  "stats": {
    "ear": {
      "mean": 0.28949922082103435,
      "var": 0.002286165595109912,
      "count": 13795.0
    },
    "mar": {
      "mean": 0.05226679330733646,
      "var": 0.003154167571590291,
      "count": 13795.0
    },
    "blink_rate": {
      "mean": 3.7139543312794534,
      "var": 44.17769120442469,
      "count": 13795.0
    },
    "roll_deg": {
      "mean": -3.027211618871777,
      "var": 9.654494494190823,
      "count": 13795.0
    },
    "yaw_ratio": {
      "mean": -0.019565318226038138,
      "var": 0.09293703805094856,
      "count": 13795.0
    },
    "pitch_ratio": {
      "mean": 0.5583452788859484,
      "var": 0.003989284306586946,
      "count": 13795.0
    }
  }
}