{
  "sessions": 42,
  "total_updates": 293,
  "stats": {
    "ear": {
      "mean": 0.2804073858308062,
      "var": 0.0007147119887959781,
      "count": 293.0
    },
    "mar": {
      "mean": 0.05143038185705006,
      "var": 0.0006753976191659614,
      "count": 293.0
    },
    "blink_rate": {
      "mean": 0.24914675767918085,
      "var": 0.24250783112815003,
      "count": 293.0
    },
    "roll_deg": {
      "mean": 2.6689469350482833,
      "var": 1.0679698423824286,
      "count": 293.0
    },
    "yaw_ratio": {
      "mean": -0.25695913287094346,
      "var": 0.058902935525593,
      "count": 293.0
    },
    "pitch_ratio": {
      "mean": 0.5958832978388554,
      "var": 0.001337803130732708,
      "count": 293.0
    }
  }
}