{
  "sessions": 56,
  "total_updates": 11858,
  "stats": {
    "ear": {
      "mean": 0.2918468718126221,
      "var": 0.0024284564410629404,
      "count": 11858.0
    },
    "mar": {
      "mean": 0.05020484145255599,
      "var": 0.0026958294714419773,
      "count": 11858.0
    },
    "blink_rate": {
      "mean": 3.955641760836575,
      "var": 49.467769848392926,
      "count": 11858.0
    },
    "roll_deg": {
      "mean": -3.013360515266842,
      "var": 9.879497629587267,
      "count": 11858.0
    },
    "yaw_ratio": {
      "mean": -0.012142373934074696,
      "var": 0.10262200342562174,
      "count": 11858.0
    },
    "pitch_ratio": {
      "mean": 0.5565595842342398,
      "var": 0.004212914772441724,
      "count": 11858.0
    }
  }
}