{
  "sessions": 13,
  "total_updates": 661,
  "stats": {
    "ear": {
      "mean": 0.2674288770141909,
      "var": 0.0003333906688963948,
      "count": 661.0
    },
    "mar": {
      "mean": 0.08185700472415795,
      "var": 0.012426925636775443,
      "count": 661.0
    },
    "blink_rate": {
      "mean": 0.9636913767019668,
      "var": 5.800183930045833,
      "count": 661.0
    },
    "roll_deg": {
      "mean": 0.5897503443636103,
      "var": 6.9480440148173175,
      "count": 661.0
    },
    "yaw_ratio": {
      "mean": 0.04619387267422257,
      "var": 0.008039047461786379,
      "count": 661.0
    },
    "pitch_ratio": {
      "mean": 0.5881214534187298,
      "var": 0.0006369074233713108,
      "count": 661.0
    }
  }
}